Title  ↑,URL
¿Cómo hago mis juegos mentales? (How do I take my brain games in Spanish),https://youscience.my.site.com/helpcenter/s/article/C%C3%B3mo-hago-mis-juegos-mentales-How-do-I-take-my-brain-games-in-Spanish
3rd-party industry tests reporting,https://youscience.my.site.com/helpcenter/s/article/3rd-party-industry-tests-reporting
About Brightpath,https://youscience.my.site.com/helpcenter/s/article/About-Brightpath
Add an additional email,https://youscience.my.site.com/helpcenter/s/article/Add-an-additional-email
Add existing users to another school or organization,https://youscience.my.site.com/helpcenter/s/article/Add-existing-users-to-another-school-or-organization
Add or remove a user,https://youscience.my.site.com/helpcenter/s/article/Add-or-remove-a-user
Add staff to a group,https://youscience.my.site.com/helpcenter/s/article/Add-staff-to-a-group
Admin journey,https://youscience.my.site.com/helpcenter/s/article/Admin-journey
All about aptitudes,https://youscience.my.site.com/helpcenter/s/article/All-about-aptitudes
Aptitude & Career Discovery: Parent Guide,https://youscience.my.site.com/helpcenter/s/article/Aptitude-%26-Career-Discovery-Parent-Guide
Aptitude & Career Discovery: Quick start guide,https://youscience.my.site.com/helpcenter/s/article/Aptitude-%26-Career-Discovery-Quick-start-guide
Aptitude & Career Discovery: Read-aloud directions,https://youscience.my.site.com/helpcenter/s/article/Aptitude-%26-Career-Discovery-Read-aloud-directions
Aptitude & Career Discovery: Reports Cheat Sheet,https://youscience.my.site.com/helpcenter/s/article/Aptitude-%26-Career-Discovery-Reports-Cheat-Sheet
Aptitude & Career Discovery: Voice Instructions en Espanol – Instrucciones de voz,https://youscience.my.site.com/helpcenter/s/article/Aptitude-%26-Career-Discovery-Voice-Instructions-en-Espanol-Instrucciones-de-voz
Aptitude & Career Discovery informational flyer,https://youscience.my.site.com/helpcenter/s/article/Aptitude-%26-Career-Discovery-informational-flyer
Aptitude results tracker,https://youscience.my.site.com/helpcenter/s/article/Aptitude-results-tracker
Aptitudes cheat sheet,https://youscience.my.site.com/helpcenter/s/article/Aptitudes-cheat-sheet
Aptitud y descubrimiento profesional: guía para padres (Aptitude & Career Discovery Parent Guide in Spanish),https://youscience.my.site.com/helpcenter/s/article/Aptitud-y-descubrimiento-profesional-gu%C3%ADa-para-padres-Aptitude-%26-Career-Discovery-Parent-Guide-in-Spanish
Are exams translated or available in other languages?,https://youscience.my.site.com/helpcenter/s/article/Are-exams-translated-or-available-in-other-languages
"As a parent, how can I access my child's results?",https://youscience.my.site.com/helpcenter/s/article/As-a-parent-how-can-I-access-my-childs-results
Available Industry Certification exams,https://youscience.my.site.com/helpcenter/s/article/Available-Industry-Certification-exams
Best-fit careers exploration: Educator-led slide deck,https://youscience.my.site.com/helpcenter/s/article/Best-fit-careers-exploration-Educator-led-slide-deck
Best practices for exam preparation,https://youscience.my.site.com/helpcenter/s/article/Best-practices-for-exam-preparation
Brain game length,https://youscience.my.site.com/helpcenter/s/article/Brain-game-length
Brightpath admin experience and navigation,https://youscience.my.site.com/helpcenter/s/article/Brightpath-admin-experience-and-navigation
Brightpath admin intro video,https://youscience.my.site.com/helpcenter/s/article/Brightpath-admin-intro-video
Brightpath courses & digital guides,https://youscience.my.site.com/helpcenter/s/article/Brightpath-courses-%26-digital-guides
Brightpath roadmap: Grades 6-8,https://youscience.my.site.com/helpcenter/s/article/Brightpath-roadmap-Grades-6-8
Brightpath roadmap: Grades 9-12,https://youscience.my.site.com/helpcenter/s/article/Brightpath-roadmap-Grades-9-12
Brightpath roadmap: Postsecondary,https://youscience.my.site.com/helpcenter/s/article/Brightpath-roadmap-Postsecondary
Brightpath roles,https://youscience.my.site.com/helpcenter/s/article/Brightpath-roles
Brightpath student experience and navigation,https://youscience.my.site.com/helpcenter/s/article/Brightpath-student-experience-and-navigation
Brightpath technical requirements (IT checklist),https://youscience.my.site.com/helpcenter/s/article/Brightpath-technical-requirements-IT-checklist
Brightpath webinar recordings,https://youscience.my.site.com/helpcenter/s/article/Brightpath-webinar-recordings
Can I use an iPad/tablet device to take the brain games?,https://youscience.my.site.com/helpcenter/s/article/Can-I-use-an-iPad-tablet-device-to-take-the-brain-games
Capstone Certifications,https://youscience.my.site.com/helpcenter/s/article/Capstone-Certifications
Career cluster descriptions,https://youscience.my.site.com/helpcenter/s/article/Career-cluster-descriptions
Career Connections: Student instructions,https://youscience.my.site.com/helpcenter/s/article/Career-Connections-Student-instructions
ClassLink rostering,https://youscience.my.site.com/helpcenter/s/article/ClassLink-rostering
Class Performance Report,https://youscience.my.site.com/helpcenter/s/article/Class-Performance-Report
Classroom-ready lessons: Grades 6-12,https://youscience.my.site.com/helpcenter/s/article/Classroom-ready-lessons-Grades-6-12
Clever rostering,https://youscience.my.site.com/helpcenter/s/article/Clever-rostering
Clusters Alignment Report,https://youscience.my.site.com/helpcenter/s/article/Clusters-Alignment-Report
College planning and applications: Educator-led slide deck,https://youscience.my.site.com/helpcenter/s/article/College-planning-and-applications-Educator-led-slide-deck
College-to-career new user guide,https://youscience.my.site.com/helpcenter/s/article/College-to-career-new-user-guide
Common App: Counselor instructions,https://youscience.my.site.com/helpcenter/s/article/Common-App-Counselor-instructions
Common App: FAQs,https://youscience.my.site.com/helpcenter/s/article/Common-App-FAQs
Common App: Student instructions,https://youscience.my.site.com/helpcenter/s/article/Common-App-Student-instructions
Common App: Teacher instructions,https://youscience.my.site.com/helpcenter/s/article/Common-App-Teacher-instructions
Completing Aptitude & Career Discovery at home,https://youscience.my.site.com/helpcenter/s/article/Completing-Aptitude-%26-Career-Discovery-at-home
Conversation starters,https://youscience.my.site.com/helpcenter/s/article/Conversation-starters
Counselor Summary Report,https://youscience.my.site.com/helpcenter/s/article/Counselor-Summary-Report
"Create, proctor, and manage exam codes",https://youscience.my.site.com/helpcenter/s/article/Create-proctor-and-manage-exam-codes
Create Advisory Boards,https://youscience.my.site.com/helpcenter/s/article/Create-Advisory-Boards
Create and manage groups,https://youscience.my.site.com/helpcenter/s/article/Create-and-manage-groups
Create a post-exam from another proctor's pre-exam,https://youscience.my.site.com/helpcenter/s/article/Create-a-post-exam-from-another-proctors-pre-exam
Create Email Templates,https://youscience.my.site.com/helpcenter/s/article/Create-Email-Templates
Create Employers in the Employer Directory,https://youscience.my.site.com/helpcenter/s/article/Create-Employers-in-the-Employer-Directory
Create E-Sign Documents,https://youscience.my.site.com/helpcenter/s/article/Create-E-Sign-Documents
Create Fillable Forms,https://youscience.my.site.com/helpcenter/s/article/Create-Fillable-Forms
Create Labels,https://youscience.my.site.com/helpcenter/s/article/Create-Labels
Create WBL Activities,https://youscience.my.site.com/helpcenter/s/article/Create-WBL-Activities
Create WBL Opportunities,https://youscience.my.site.com/helpcenter/s/article/Create-WBL-Opportunities
Deliver exam codes to students,https://youscience.my.site.com/helpcenter/s/article/Deliver-exam-codes-to-students
Discovery Admin Dashboard,https://youscience.my.site.com/helpcenter/s/article/Discovery-Admin-Dashboard
Discovery Engagement Report,https://youscience.my.site.com/helpcenter/s/article/Discovery-Engagement-Report
Discovery One-Page Summary,https://youscience.my.site.com/helpcenter/s/article/Discovery-One-Page-Summary
Discovery statuses,https://youscience.my.site.com/helpcenter/s/article/Discovery-statuses
District Summary Report,https://youscience.my.site.com/helpcenter/s/article/District-Summary-Report
Download and print student certificates: Proctor instructions,https://youscience.my.site.com/helpcenter/s/article/Download-and-print-student-certificates-Proctor-instructions
Employer Reports,https://youscience.my.site.com/helpcenter/s/article/Employer-Reports
Enable SSO,https://youscience.my.site.com/helpcenter/s/article/Enable-SSO
Enrollment & Compliance Report,https://youscience.my.site.com/helpcenter/s/article/Enrollment-%26-Compliance-Report
Exam accessibility and accommodations,https://youscience.my.site.com/helpcenter/s/article/Exam-accessibility-and-accommodations
Exam errors and troubleshooting,https://youscience.my.site.com/helpcenter/s/article/Exam-errors-and-troubleshooting
Exam Performance Report,https://youscience.my.site.com/helpcenter/s/article/Exam-Performance-Report
Exam retakes: Proctor instructions,https://youscience.my.site.com/helpcenter/s/article/Exam-retakes-Proctor-instructions
Exam retakes: Student instructions,https://youscience.my.site.com/helpcenter/s/article/Exam-retakes-Student-instructions
Exam types,https://youscience.my.site.com/helpcenter/s/article/Exam-types
Exam updates year-to-year,https://youscience.my.site.com/helpcenter/s/article/Exam-updates-year-to-year
Explore and plan for college,https://youscience.my.site.com/helpcenter/s/article/Explore-and-plan-for-college
Family Connect: Admin experience,https://youscience.my.site.com/helpcenter/s/article/Family-Connect-Admin-experience
Family Connect: Parent & guardian experience,https://youscience.my.site.com/helpcenter/s/article/Family-Connect-Parent-%26-guardian-experience
FAQs: Aptitude & Career Discovery,https://youscience.my.site.com/helpcenter/s/article/FAQs-Aptitude-%26-Career-Discovery
FAQs: Data & Reporting,https://youscience.my.site.com/helpcenter/s/article/FAQs-Data-%26-Reporting
FAQs: Industry Certifications,https://youscience.my.site.com/helpcenter/s/article/FAQs-Industry-Certifications
Georgia: Claim students into YouScience,https://youscience.my.site.com/helpcenter/s/article/Georgia-Claim-students-into-YouScience
Georgia: Complete Summit (with or without Snapshot),https://youscience.my.site.com/helpcenter/s/article/Georgia-Complete-Summit-with-or-without-Snapshot
Georgia: Complete the ICCP checkbox,https://youscience.my.site.com/helpcenter/s/article/Georgia-Complete-the-ICCP-checkbox
Georgia: EOPA student login,https://youscience.my.site.com/helpcenter/s/article/Georgia-EOPA-student-login
Georgia: Grade Level Activities Reports for 6-8 and 9-12,https://youscience.my.site.com/helpcenter/s/article/Georgia-Grade-Level-Activities-Reports-for-6-8-and-9-12
"Georgia: Introduce Snippet, Snapshot, and Summit to students through SLDS",https://youscience.my.site.com/helpcenter/s/article/Georgia-Introduce-Snippet-Snapshot-and-Summit-to-students-through-SLDS
Georgia: Log into Discovery using SLDS,https://youscience.my.site.com/helpcenter/s/article/Georgia-Log-into-Discovery-using-SLDS
Georgia: Log into GaConnects Staff,https://youscience.my.site.com/helpcenter/s/article/Georgia-Log-into-GaConnects-Staff
Georgia: Meet grade-level activities,https://youscience.my.site.com/helpcenter/s/article/Georgia-Meet-grade-level-activities
Georgia: Prepare for certifications,https://youscience.my.site.com/helpcenter/s/article/Georgia-Prepare-for-certifications
Georgia: Top State for Talent Act Checklist,https://youscience.my.site.com/helpcenter/s/article/Georgia-Top-State-for-Talent-Act-Checklist
Georgia: View or register for an implementation training webinar,https://youscience.my.site.com/helpcenter/s/article/Georgia-View-or-register-for-an-implementation-training-webinar
Get started as an Independent Educational Consultant (IEC),https://youscience.my.site.com/helpcenter/s/article/Get-started-as-an-Independent-Educational-Consultant-IEC
Get started with Work-Based Learning (WBL),https://youscience.my.site.com/helpcenter/s/article/Get-started-with-Work-Based-Learning-WBL
Getting started kit,https://youscience.my.site.com/helpcenter/s/article/Getting-started-kit
Higher ed playbook,https://youscience.my.site.com/helpcenter/s/article/Higher-ed-playbook
Hold and release results,https://youscience.my.site.com/helpcenter/s/article/Hold-and-release-results
How can students with learning differences take the brain games?,https://youscience.my.site.com/helpcenter/s/article/How-can-students-with-learning-differences-take-the-brain-games
How do I add exam codes for my proctors?,https://youscience.my.site.com/helpcenter/s/article/How-do-I-add-exam-codes-for-my-proctors
How do I configure the course planner and upload courses?,https://youscience.my.site.com/helpcenter/s/article/How-do-I-configure-the-course-planner-and-upload-courses
How do I enable the course planner or resume builder?,https://youscience.my.site.com/helpcenter/s/article/How-do-I-enable-the-course-planner-or-resume-builder
How do I export reports?,https://youscience.my.site.com/helpcenter/s/article/How-do-I-export-reports
How do I find my missing exam history?,https://youscience.my.site.com/helpcenter/s/article/How-do-I-find-my-missing-exam-history
How do I find which exam is best for my course?,https://youscience.my.site.com/helpcenter/s/article/How-do-I-find-which-exam-is-best-for-my-course
How do I purchase an Aptitude & Career Discovery account?,https://youscience.my.site.com/helpcenter/s/article/How-do-I-purchase-an-Aptitude-%26-Career-Discovery-account
How do I run reports?,https://youscience.my.site.com/helpcenter/s/article/How-do-I-run-reports
How do I use Infinite Campus Rostering with YouScience?,https://youscience.my.site.com/helpcenter/s/article/How-do-I-use-Infinite-Campus-Rostering-with-YouScience
How do I view student results?,https://youscience.my.site.com/helpcenter/s/article/How-do-I-view-student-results
How do students move from the 7th or 8th grade version to the full version of Aptitude & Career Discovery?,https://youscience.my.site.com/helpcenter/s/article/How-do-students-move-from-the-7th-or-8th-grade-version-to-the-full-version-of-Aptitude-%26-Career-Discovery
IEC - How do I get my client started?,https://youscience.my.site.com/helpcenter/s/article/IEC-How-do-I-get-my-client-started
IEP connections,https://youscience.my.site.com/helpcenter/s/article/IEP-connections
Implementation checklists,https://youscience.my.site.com/helpcenter/s/article/Implementation-checklists
Industry Certifications: Admin quick start guide,https://youscience.my.site.com/helpcenter/s/article/Industry-Certifications-Admin-quick-start-guide
Industry Certifications: Parent Guide,https://youscience.my.site.com/helpcenter/s/article/Industry-Certifications-Parent-Guide
Industry Certifications: Proctor quick start guide,https://youscience.my.site.com/helpcenter/s/article/Industry-Certifications-Proctor-quick-start-guide
Industry Certifications: Reports cheat sheet,https://youscience.my.site.com/helpcenter/s/article/Industry-Certifications-Reports-cheat-sheet
Industry Certifications: Student instructions,https://youscience.my.site.com/helpcenter/s/article/Industry-Certifications-Student-instructions
Industry Recognition Report,https://youscience.my.site.com/helpcenter/s/article/Industry-Recognition-Report
Introduce Aptitude & Career Discovery to students,https://youscience.my.site.com/helpcenter/s/article/Introduce-Aptitude-%26-Career-Discovery-to-students
Kick-Off Videos,https://youscience.my.site.com/helpcenter/s/article/Kick-Off-Videos
Language and translation in Chrome,https://youscience.my.site.com/helpcenter/s/article/Language-and-translation-in-Chrome
Log 3rd-party industry tests,https://youscience.my.site.com/helpcenter/s/article/Log-3rd-party-industry-tests
Log in or create an account,https://youscience.my.site.com/helpcenter/s/article/Log-in-or-create-an-account
Majors/programs tool,https://youscience.my.site.com/helpcenter/s/article/Majors-programs-tool
Majors Recommendations Report,https://youscience.my.site.com/helpcenter/s/article/Majors-Recommendations-Report
Manage and edit your college offerings,https://youscience.my.site.com/helpcenter/s/article/Manage-and-edit-your-college-offerings
Manage performance requirements,https://youscience.my.site.com/helpcenter/s/article/Manage-performance-requirements
Manage user invitations,https://youscience.my.site.com/helpcenter/s/article/Manage-user-invitations
Manage your private employer profile within WBL,https://youscience.my.site.com/helpcenter/s/article/Manage-your-private-employer-profile-within-WBL
Manage your sponsorship,https://youscience.my.site.com/helpcenter/s/article/Manage-your-sponsorship
Move students or invitations between groups,https://youscience.my.site.com/helpcenter/s/article/Move-students-or-invitations-between-groups
My Profile,https://youscience.my.site.com/helpcenter/s/article/My-Profile
NCHSE exams in Industry Certifications,https://youscience.my.site.com/helpcenter/s/article/NCHSE-exams-in-Industry-Certifications
Pathways Management Tool (PMT),https://youscience.my.site.com/helpcenter/s/article/Pathways-Management-Tool-PMT
Pathways Report,https://youscience.my.site.com/helpcenter/s/article/Pathways-Report
Personalized college landing page,https://youscience.my.site.com/helpcenter/s/article/Personalized-college-landing-page
Plan for college tool,https://youscience.my.site.com/helpcenter/s/article/Plan-for-college-tool
PowerSchool rostering,https://youscience.my.site.com/helpcenter/s/article/PowerSchool-rostering
Pre/Post Exam Summary,https://youscience.my.site.com/helpcenter/s/article/Pre-Post-Exam-Summary
Prepare Your User,https://youscience.my.site.com/helpcenter/s/article/Prepare-Your-User
Pre-Recorded Training Webinar - Education & Career Plan,https://youscience.my.site.com/helpcenter/s/article/Pre-Recorded-Training-Webinar-Education-%26-Career-Plan
Pre-recorded training webinars: Aptitude & Career Discovery,https://youscience.my.site.com/helpcenter/s/article/Pre-recorded-training-webinars-Aptitude-%26-Career-Discovery
Pre-recorded training webinars: Education Connections & Career Connections,https://youscience.my.site.com/helpcenter/s/article/Pre-recorded-training-webinars-Education-Connections-%26-Career-Connections
Pre-recorded training webinars: Industry Certifications,https://youscience.my.site.com/helpcenter/s/article/Pre-recorded-training-webinars-Industry-Certifications
Pre-recorded training webinars: User Administration,https://youscience.my.site.com/helpcenter/s/article/Pre-recorded-training-webinars-User-Administration
Pre-recorded training webinars: Work-Based Learning (WBL),https://youscience.my.site.com/helpcenter/s/article/Pre-recorded-training-webinars-Work-Based-Learning-WBL
Privacy policy,https://youscience.my.site.com/helpcenter/s/article/Privacy-policy
Proctor agreement,https://youscience.my.site.com/helpcenter/s/article/Proctor-agreement
Proctor Performance Report,https://youscience.my.site.com/helpcenter/s/article/Proctor-Performance-Report
Product updates,https://youscience.my.site.com/helpcenter/s/article/Product-updates
Register for a live training webinar,https://youscience.my.site.com/helpcenter/s/article/Register-for-a-live-training-webinar
Remote proctoring: Student instructions,https://youscience.my.site.com/helpcenter/s/article/Remote-proctoring-Student-instructions
Remote proctoring: teacher instructions,https://youscience.my.site.com/helpcenter/s/article/Remote-proctoring-teacher-instructions
Remove or delete a user's record,https://youscience.my.site.com/helpcenter/s/article/Remove-or-delete-a-users-record
Reports available to admins,https://youscience.my.site.com/helpcenter/s/article/Reports-available-to-admins
Reports available to learners and parents,https://youscience.my.site.com/helpcenter/s/article/Reports-available-to-learners-and-parents
Reports available to proctors,https://youscience.my.site.com/helpcenter/s/article/Reports-available-to-proctors
Reports available to staff,https://youscience.my.site.com/helpcenter/s/article/Reports-available-to-staff
Reset a learner’s password,https://youscience.my.site.com/helpcenter/s/article/Reset-a-learners-password
Reset and restore brain game surveys,https://youscience.my.site.com/helpcenter/s/article/Reset-and-restore-brain-game-surveys
Reset your password,https://youscience.my.site.com/helpcenter/s/article/Reset-your-password
Results walkthroughs,https://youscience.my.site.com/helpcenter/s/article/Results-walkthroughs
Results walkthrough toolkit,https://youscience.my.site.com/helpcenter/s/article/Results-walkthrough-toolkit
Resume Builder: Educator-led slide deck,https://youscience.my.site.com/helpcenter/s/article/Resume-Builder-Educator-led-slide-deck
Sample rollouts,https://youscience.my.site.com/helpcenter/s/article/Sample-rollouts
Scholarships tool,https://youscience.my.site.com/helpcenter/s/article/Scholarships-tool
Schools tool,https://youscience.my.site.com/helpcenter/s/article/Schools-tool
Send individual email invitations,https://youscience.my.site.com/helpcenter/s/article/Send-individual-email-invitations
Set up your employer profile,https://youscience.my.site.com/helpcenter/s/article/Set-up-your-employer-profile
Single Exam Summary Report,https://youscience.my.site.com/helpcenter/s/article/Single-Exam-Summary-Report
SSO vs. rostering,https://youscience.my.site.com/helpcenter/s/article/SSO-vs-rostering
State Summary Report,https://youscience.my.site.com/helpcenter/s/article/State-Summary-Report
Student Growth Report,https://youscience.my.site.com/helpcenter/s/article/Student-Growth-Report
Student Performance Report,https://youscience.my.site.com/helpcenter/s/article/Student-Performance-Report
Student summary report,https://youscience.my.site.com/helpcenter/s/article/Student-summary-report
Student workbooks,https://youscience.my.site.com/helpcenter/s/article/Student-workbooks
Take your brain games,https://youscience.my.site.com/helpcenter/s/article/Take-your-brain-games
Texas Exam Growth Data,https://youscience.my.site.com/helpcenter/s/article/Texas-Exam-Growth-Data
The science behind YouScience,https://youscience.my.site.com/helpcenter/s/article/The-science-behind-YouScience
The value of Industry Certifications: Educator-led slide deck,https://youscience.my.site.com/helpcenter/s/article/The-value-of-Industry-Certifications-Educator-led-slide-deck
Time needed for an exam,https://youscience.my.site.com/helpcenter/s/article/Time-needed-for-an-exam
Top Careers Report,https://youscience.my.site.com/helpcenter/s/article/Top-Careers-Report
Troubleshooting and common errors,https://youscience.my.site.com/helpcenter/s/article/Troubleshooting-and-common-errors
Update a user's role,https://youscience.my.site.com/helpcenter/s/article/Update-a-users-role
Upload all users into Brightpath,https://youscience.my.site.com/helpcenter/s/article/Upload-all-users-into-Brightpath
User Administration: Admin quick start guide,https://youscience.my.site.com/helpcenter/s/article/User-Administration-Admin-quick-start-guide
User Administration overview,https://youscience.my.site.com/helpcenter/s/article/User-Administration-overview
Using the Counselor Dashboard,https://youscience.my.site.com/helpcenter/s/article/Using-the-Counselor-Dashboard
Utah Brightpath Guide,https://youscience.my.site.com/helpcenter/s/article/Utah-Brightpath-Guide
View and download your results,https://youscience.my.site.com/helpcenter/s/article/View-and-download-your-results
View student exam history,https://youscience.my.site.com/helpcenter/s/article/View-student-exam-history
WBL: Student Instructions,https://youscience.my.site.com/helpcenter/s/article/WBL-Student-Instructions
WBL Advisory Board Report,https://youscience.my.site.com/helpcenter/s/article/WBL-Advisory-Board-Report
WBL Overview Dashboard,https://youscience.my.site.com/helpcenter/s/article/WBL-Overview-Dashboard
WBL Student Activity Report,https://youscience.my.site.com/helpcenter/s/article/WBL-Student-Activity-Report
Welcome to Brightpath WBL: Your transition guide from Seamless WBL,https://youscience.my.site.com/helpcenter/s/article/Welcome-to-Brightpath-WBL-Your-transition-guide-from-Seamless-WBL
What are pilot exams?,https://youscience.my.site.com/helpcenter/s/article/What-are-pilot-exams
What is a cut score/passing percentage?,https://youscience.my.site.com/helpcenter/s/article/What-is-a-cut-score-passing-percentage
What is an exam code?,https://youscience.my.site.com/helpcenter/s/article/What-is-an-exam-code
What is Aptitude & Career Discovery?,https://youscience.my.site.com/helpcenter/s/article/What-is-Aptitude-%26-Career-Discovery
What is the difference between Administrators and Educators in Work-Based Experiences?,https://youscience.my.site.com/helpcenter/s/article/What-is-the-difference-between-Administrators-and-Educators-in-Work-Based-Experiences
What is the difference between aptitudes and interests?,https://youscience.my.site.com/helpcenter/s/article/What-is-the-difference-between-aptitudes-and-interests
What is the difference between Employers and Partners in Work-Based Experiences?,https://youscience.my.site.com/helpcenter/s/article/What-is-the-difference-between-Employers-and-Partners-in-Work-Based-Experiences
What question types are used on an Industry Certification exam?,https://youscience.my.site.com/helpcenter/s/article/What-question-types-are-used-on-an-Industry-Certification-exam
What textbooks are available to go along with the exams?,https://youscience.my.site.com/helpcenter/s/article/What-textbooks-are-available-to-go-along-with-the-exams
What we measure and sample aptitude exercises,https://youscience.my.site.com/helpcenter/s/article/What-we-measure-and-sample-aptitude-exercises
Where can students opt in to share or manage sharing preferences?,https://youscience.my.site.com/helpcenter/s/article/Where-can-students-opt-in-to-share-or-manage-sharing-preferences
Why can't I take an exam as a teacher/proctor?,https://youscience.my.site.com/helpcenter/s/article/Why-cant-I-take-an-exam-as-a-teacher-proctor
Why does my Aptitude & Career Discovery student only see Industry Certifications?,https://youscience.my.site.com/helpcenter/s/article/Why-does-my-Aptitude-%26-Career-Discovery-student-only-see-Industry-Certifications
Why YouScience for Educators and Administrators Kit,https://youscience.my.site.com/helpcenter/s/article/Why-YouScience-for-Educators-and-Administrators-Kit
Work-Based Learning (WBL): Parent Guide,https://youscience.my.site.com/helpcenter/s/article/Work-Based-Learning-WBL-Parent-Guide
Your guide to certification labs,https://youscience.my.site.com/helpcenter/s/article/Your-guide-to-certification-labs
Youscience Brightpath: Student introduction videos,https://youscience.my.site.com/helpcenter/s/article/Youscience-Brightpath-Student-introduction-videos
YouScience parent communication flyer,https://youscience.my.site.com/helpcenter/s/article/YouScience-parent-communication-flyer
YouScience Spring Momentum Guide,https://youscience.my.site.com/helpcenter/s/article/YouScience-Spring-Momentum-Guide
YouScience student communication flyer,https://youscience.my.site.com/helpcenter/s/article/YouScience-student-communication-flyer
