Article Title,URL
3rd-party industry tests reporting,https://youscience.my.site.com/helpcenter/s/article/3rd-Party-Industry-Tests-Reporting
About Brightpath,https://youscience.my.site.com/helpcenter/s/article/YouScience-Brightpath
Add an additional email,https://youscience.my.site.com/helpcenter/s/article/add-an-additional-email
Add existing users to another school or organization,https://youscience.my.site.com/helpcenter/s/article/add-existing-users-to-another-school-or-organization
Add or remove a user,https://youscience.my.site.com/helpcenter/s/article/add-or-remove-user
Add staff to a group,https://youscience.my.site.com/helpcenter/s/article/add-staff-to-group
Admin journey,https://youscience.my.site.com/helpcenter/s/article/admin-journey
Administrator FAQs - Work-Based Experiences,https://youscience.my.site.com/helpcenter/s/article/Administrator-FAQs-Work-Based-Experiences
Administrator User Guide: How do I use WBE?,https://youscience.my.site.com/helpcenter/s/article/administrator-user-guide-how-do-i-use-seamless-wbl
All about aptitudes,https://youscience.my.site.com/helpcenter/s/article/all-about-aptitudes
Aptitud y descubrimiento profesional: guía para padres (Aptitude & Career Discovery Parent Guide in Spanish),https://youscience.my.site.com/helpcenter/s/article/Spanish-Parent-Page
Aptitude & Career Discovery - Getting Started (7th or 8th grade),https://youscience.my.site.com/helpcenter/s/article/7th-8th-grade-getting-started
Aptitude & Career Discovery - Getting Started (9th grade and beyond),https://youscience.my.site.com/helpcenter/s/article/Aptitude-Career-Discovery-Getting-Started
Aptitude & Career Discovery informational flyer,https://youscience.my.site.com/helpcenter/s/article/youscience-informational-flyer
Aptitude & Career Discovery: Parent Guide,https://youscience.my.site.com/helpcenter/s/article/Discovery-Parent-Guide
Aptitude & Career Discovery: Quick start guide,https://youscience.my.site.com/helpcenter/s/article/discovery-quick-start
Aptitude & Career Discovery: Read-aloud directions,https://youscience.my.site.com/helpcenter/s/article/read-aloud-directions
Aptitude & Career Discovery: Reports Cheat Sheet,https://youscience.my.site.com/helpcenter/s/article/Aptitude-Career-Discovery-Report-Cheat-Sheet
Aptitude & Career Discovery: Voice Instructions en Espanol – Instrucciones de voz,https://youscience.my.site.com/helpcenter/s/article/voice-directions
Aptitude results tracker,https://youscience.my.site.com/helpcenter/s/article/aptitude-results-tracker
Aptitudes cheat sheet,https://youscience.my.site.com/helpcenter/s/article/aptitudes-cheat-sheet
Are exams translated or available in other languages?,https://youscience.my.site.com/helpcenter/s/article/translated-languages
"As a parent, how can I access my child's results?",https://youscience.my.site.com/helpcenter/s/article/as-a-parent-how-can-i-access-my-childs-results
Available Industry Certification exams,https://youscience.my.site.com/helpcenter/s/article/available-exams
Best practices for exam preparation,https://youscience.my.site.com/helpcenter/s/article/exam-preparation
Best-fit careers exploration: Educator-led slide deck,https://youscience.my.site.com/helpcenter/s/article/Best-Fit-Careers-Exploration-Educator-led-slide-deck
Brain game length,https://youscience.my.site.com/helpcenter/s/article/brain-game-length
Brightpath admin experience and navigation,https://youscience.my.site.com/helpcenter/s/article/brightpath-admin-experience-and-navigation
Brightpath admin intro video,https://youscience.my.site.com/helpcenter/s/article/Brightpath-Admin-Intro-Video
Brightpath courses & digital guides,https://youscience.my.site.com/helpcenter/s/article/Brightpath-Digital-Guides-1st-time-and-refresher-training
Brightpath roadmap: Grades 6-8,https://youscience.my.site.com/helpcenter/s/article/brightpath-roadmap-grades-6-8
Brightpath roadmap: Grades 9-12,https://youscience.my.site.com/helpcenter/s/article/brightpath-roadmap-grades-9-12
Brightpath roadmap: Postsecondary,https://youscience.my.site.com/helpcenter/s/article/brightpath-roadmap-postsecondary
Brightpath roles,https://youscience.my.site.com/helpcenter/s/article/Brightpath-Roles
Brightpath student experience and navigation,https://youscience.my.site.com/helpcenter/s/article/brightpath-student-experience-and-navigation
Brightpath technical requirements (IT checklist),https://youscience.my.site.com/helpcenter/s/article/Brightpath-Technical-Requirements-Checklist
Brightpath webinar recordings,https://youscience.my.site.com/helpcenter/s/article/Brightpath-Webinar-Recordings
Can I use an iPad/tablet device to take the brain games?,https://youscience.my.site.com/helpcenter/s/article/Can-I-use-an-iPad-tablet-device-to-take-the-brain-games
Capstone Certifications,https://youscience.my.site.com/helpcenter/s/article/capstone-certifications
Career Connections: Student instructions,https://youscience.my.site.com/helpcenter/s/article/Career-Connections-Student-Instructions
Career cluster descriptions,https://youscience.my.site.com/helpcenter/s/article/career-cluster-descriptions
Class Performance Report,https://youscience.my.site.com/helpcenter/s/article/class-performance-report
ClassLink rostering,https://youscience.my.site.com/helpcenter/s/article/classlink-rostering
Classroom-ready lessons: Grades 6-12,https://youscience.my.site.com/helpcenter/s/article/Classroom-ready-lessons-for-grades-6-12
Clever rostering,https://youscience.my.site.com/helpcenter/s/article/clever-rostering
Clusters Alignment Report,https://youscience.my.site.com/helpcenter/s/article/clusters-alignment-report
College planning and applications: Educator-led slide deck,https://youscience.my.site.com/helpcenter/s/article/College-Planning-Applications-Educator-led-slide-deck
College-to-career new user guide,https://youscience.my.site.com/helpcenter/s/article/College-To-Career-New-User-Guide
Common App: Counselor instructions,https://youscience.my.site.com/helpcenter/s/article/Common-App-Counselor-instructions
Common App: FAQs,https://youscience.my.site.com/helpcenter/s/article/Common-App-FAQs
Common App: Student instructions,https://youscience.my.site.com/helpcenter/s/article/Common-App-Student-instructions
Common App: Teacher instructions,https://youscience.my.site.com/helpcenter/s/article/Common-App-Teacher-instructions
Completing Aptitude & Career Discovery at home,https://youscience.my.site.com/helpcenter/s/article/completing-aptitude-career-discovery-at-home
Conversation starters,https://youscience.my.site.com/helpcenter/s/article/conversation-starters
Counselor Summary Report,https://youscience.my.site.com/helpcenter/s/article/counselor-summary-reports
Create Advisory Boards,https://youscience.my.site.com/helpcenter/s/article/Create-Advisory-Boards
Create E-Sign Documents,https://youscience.my.site.com/helpcenter/s/article/Create-eSign-Documents
Create Email Templates,https://youscience.my.site.com/helpcenter/s/article/Create-Email-Templates
Create Employers in the Employer Directory,https://youscience.my.site.com/helpcenter/s/article/Create-Employers-in-the-Employer-Directory
Create Fillable Forms,https://youscience.my.site.com/helpcenter/s/article/Create-Fillable-Forms
Create Labels,https://youscience.my.site.com/helpcenter/s/article/Create-Labels
Create WBL Activities,https://youscience.my.site.com/helpcenter/s/article/Create-WBL-Activities
Create WBL Opportunities,https://youscience.my.site.com/helpcenter/s/article/Create-WBL-Opportunities
Create a post-exam from another proctor's pre-exam,https://youscience.my.site.com/helpcenter/s/article/create-post-exam-from-another-proctor-pre-exam
Create and manage groups,https://youscience.my.site.com/helpcenter/s/article/create-manage-groups
"Create, proctor, and manage exam codes",https://youscience.my.site.com/helpcenter/s/article/create-proctor-manage-exam-codes
Deliver exam codes to students,https://youscience.my.site.com/helpcenter/s/article/deliver-exam-codes
Discovery Admin Dashboard,https://youscience.my.site.com/helpcenter/s/article/Discovery-Admin-Dashboard
Discovery Engagement Report,https://youscience.my.site.com/helpcenter/s/article/discovery-engagement-report
Discovery One-Page Summary,https://youscience.my.site.com/helpcenter/s/article/Discovery-One-Page-Summary
Discovery statuses,https://youscience.my.site.com/helpcenter/s/article/Discovery-statuses
District Summary Report,https://youscience.my.site.com/helpcenter/s/article/district-summary-report
Download and print student certificates: Proctor instructions,https://youscience.my.site.com/helpcenter/s/article/download-print-certificates
ECP: Resume builder instructions,https://youscience.my.site.com/helpcenter/s/article/ECP-Resume-builder-instructions
Education & Career Plan (ECP): Reporting options,https://youscience.my.site.com/helpcenter/s/article/Education-Career-Plan-ECP-Reporting-options
Education & Career Planning (ECP),https://youscience.my.site.com/helpcenter/s/article/YouScience-Brightpath-education-and-career-plan
Educator FAQs - Work-Based Experiences,https://youscience.my.site.com/helpcenter/s/article/Educator-FAQS-Work-Based-Experiences
Educator User Guide: How do I use WBE?,https://youscience.my.site.com/helpcenter/s/article/educator-user-guide-how-do-i-use-seamless-wbl
Employer FAQS - YouScience Work-Based Experiences,https://youscience.my.site.com/helpcenter/s/article/Employer-FAQS-YouScience-Work-Based-Experiences
Employer Reports,https://youscience.my.site.com/helpcenter/s/article/employer-reports
Employer User Guide: How do I use WBE?,https://youscience.my.site.com/helpcenter/s/article/employer-user-guide-how-do-i-use-seamless-wbl
Enable SSO,https://youscience.my.site.com/helpcenter/s/article/enable-sso
Enrollment & Compliance Report,https://youscience.my.site.com/helpcenter/s/article/Enrollment-Compliance-Report
Exam Performance Report,https://youscience.my.site.com/helpcenter/s/article/exam-performance-report
Exam accessibility and accommodations,https://youscience.my.site.com/helpcenter/s/article/exam-accessibility-and-accommodations
Exam errors and troubleshooting,https://youscience.my.site.com/helpcenter/s/article/exam-troubleshooting
Exam retakes: Proctor instructions,https://youscience.my.site.com/helpcenter/s/article/exam-retakes-proctor
Exam retakes: Student instructions,https://youscience.my.site.com/helpcenter/s/article/exam-retakes-student
Exam types,https://youscience.my.site.com/helpcenter/s/article/exam-types
Exam updates year-to-year,https://youscience.my.site.com/helpcenter/s/article/Exam-Updates-Year-to-Year
Explore and plan for college,https://youscience.my.site.com/helpcenter/s/article/explore-plan-for-college
FAQs: Aptitude & Career Discovery,https://youscience.my.site.com/helpcenter/s/article/discovery-faqs
FAQs: Data & Reporting,https://youscience.my.site.com/helpcenter/s/article/FAQs-Data-Reporting
FAQs: Industry Certifications,https://youscience.my.site.com/helpcenter/s/article/FAQs-Industry-Certifications
Family Connect: Admin experience,https://youscience.my.site.com/helpcenter/s/article/Family-Connect-Admin-Experience
Family Connect: Parent & guardian experience,https://youscience.my.site.com/helpcenter/s/article/Family-Connect-Parent-Experience
GA - How do I kick-off Snapshot?,https://youscience.my.site.com/helpcenter/s/article/ga-how-do-i-kick-off-snapshot
GA - Kick-off and Results Walk-through Materials,https://youscience.my.site.com/helpcenter/s/article/ga-kick-off-materials
GA: How do I implement Snapshot?,https://youscience.my.site.com/helpcenter/s/article/ga-how-do-i-implement-snapshot
GA: How do I implement Summit?,https://youscience.my.site.com/helpcenter/s/article/ga-how-do-i-implement-summit
GA: How do students complete dual enrollment?,https://youscience.my.site.com/helpcenter/s/article/GA-How-do-students-complete-dual-enrollment
Georgia: Claim students into YouScience,https://youscience.my.site.com/helpcenter/s/article/ga-how-do-i-add-students-into-youscience
Georgia: Complete Summit (with or without Snapshot),https://youscience.my.site.com/helpcenter/s/article/georgia-complete-summit
Georgia: Complete the ICCP checkbox,https://youscience.my.site.com/helpcenter/s/article/complete-the-iccp-checkbox
Georgia: EOPA student login,https://youscience.my.site.com/helpcenter/s/article/EOPA-student-login
Georgia: Grade Level Activities Reports for 6-8 and 9-12,https://youscience.my.site.com/helpcenter/s/article/track-grade-level-activities
"Georgia: Introduce Snippet, Snapshot, and Summit to students through SLDS",https://youscience.my.site.com/helpcenter/s/article/georgia-introduce-discovery
Georgia: Log into Discovery using SLDS,https://youscience.my.site.com/helpcenter/s/article/log-in-using-slds
Georgia: Log into GaConnects Staff,https://youscience.my.site.com/helpcenter/s/article/gaconnects
Georgia: Meet grade-level activities,https://youscience.my.site.com/helpcenter/s/article/meet-grade-level-activities
Georgia: Prepare for certifications,https://youscience.my.site.com/helpcenter/s/article/Georgia-Prepare-for-Certifications
Georgia: Top State for Talent Act Checklist,https://youscience.my.site.com/helpcenter/s/article/georgia-top-state-for-talent-act-checklist
Georgia: View or register for an implementation training webinar,https://youscience.my.site.com/helpcenter/s/article/ga-imp-webinar-link
Get Started Form,https://youscience.my.site.com/helpcenter/s/article/youscience-get-started-form
Get started as an Independent Educational Consultant (IEC),https://youscience.my.site.com/helpcenter/s/article/get-started-iec
Get started with Work-Based Learning (WBL),https://youscience.my.site.com/helpcenter/s/article/Get-started-with-work-based-learning
Getting started kit,https://youscience.my.site.com/helpcenter/s/article/getting-started-kit
Higher ed playbook,https://youscience.my.site.com/helpcenter/s/article/Higher-Ed-Playbook
Hold and release results,https://youscience.my.site.com/helpcenter/s/article/hold-release-results
How can students with learning differences take the brain games?,https://youscience.my.site.com/helpcenter/s/article/how-can-students-with-learning-differences-take-the-brain-games
How do I add exam codes for my proctors?,https://youscience.my.site.com/helpcenter/s/article/How-do-I-add-exam-codes-for-my-proctors
How do I bulk import all users to Work-Based Experiences?,https://youscience.my.site.com/helpcenter/s/article/How-do-I-bulk-import-all-users-to-Work-Based-Experiences
How do I configure the course planner and upload courses?,https://youscience.my.site.com/helpcenter/s/article/How-do-I-upload-courses-into-the-ECP-Course-Planner
How do I enable the course planner or resume builder?,https://youscience.my.site.com/helpcenter/s/article/ECP-enable-course-planner-resume-builder
How do I export reports?,https://youscience.my.site.com/helpcenter/s/article/How-do-I-export-reports
How do I find my missing exam history?,https://youscience.my.site.com/helpcenter/s/article/missing-exams
How do I find which exam is best for my course?,https://youscience.my.site.com/helpcenter/s/article/knowledge-standards
How do I introduce Higher Ed students to Aptitude & Career Discovery?,https://youscience.my.site.com/helpcenter/s/article/post-secondary-introduction
How do I manage Advisory Boards in WBE?,https://youscience.my.site.com/helpcenter/s/article/how-do-i-manage-advisory-boards-in-seamless-wbl
How do I manage Partner Activities in WBE?,https://youscience.my.site.com/helpcenter/s/article/how-do-i-manage-partner-activities-in-seamless-wbl
How do I manage Partners in WBE?,https://youscience.my.site.com/helpcenter/s/article/how-do-i-manage-partners-in-seamless-wbl
How do I manage the Opportunity Board in WBE?,https://youscience.my.site.com/helpcenter/s/article/how-do-i-manage-the-opportunity-board-in-seamless-wbl
How do I navigate the Education & Career Plan (ECP) for 7th or 8th grade?,https://youscience.my.site.com/helpcenter/s/article/7th-8th-grade-ECP
How do I purchase an Aptitude & Career Discovery account?,https://youscience.my.site.com/helpcenter/s/article/How-do-I-purchase-an-Aptitude-Career-Discovery-account
How do I run reports in WBE?,https://youscience.my.site.com/helpcenter/s/article/how-do-i-run-reports-in-seamless-wbl
How do I run reports?,https://youscience.my.site.com/helpcenter/s/article/How-do-I-run-reports
How do I send emails through WBE?,https://youscience.my.site.com/helpcenter/s/article/how-do-i-send-emails-through-seamless-wbl
How do I set up Partner Activities in WBE?,https://youscience.my.site.com/helpcenter/s/article/how-do-i-set-up-partner-activities-in-seamless-wbl
How do I use Infinite Campus Rostering with YouScience?,https://youscience.my.site.com/helpcenter/s/article/How-do-I-use-Infinite-Campus-Rostering-with-YouScience
How do I use the Employee Directory in WBE?,https://youscience.my.site.com/helpcenter/s/article/how-do-i-use-the-employee-directory-in-seamless-wbl
How do I view student results?,https://youscience.my.site.com/helpcenter/s/article/how-do-i-view-student-results
How do students move from the 7th or 8th grade version to the full version of Aptitude & Career Discovery?,https://youscience.my.site.com/helpcenter/s/article/level-up
IEC - How do I get my client started?,https://youscience.my.site.com/helpcenter/s/article/iec-how-do-i-get-my-client-started
IEP connections,https://youscience.my.site.com/helpcenter/s/article/iep-connections
Implementation checklists,https://youscience.my.site.com/helpcenter/s/article/implementation-checklists
Industry Certifications - Getting Started,https://youscience.my.site.com/helpcenter/s/article/Industry-Certifications-Getting-Started
Industry Certifications: Admin quick start guide,https://youscience.my.site.com/helpcenter/s/article/industry-certifications-admin-quick-start
Industry Certifications: Parent Guide,https://youscience.my.site.com/helpcenter/s/article/Industry-Certifications-Parent-Guide
Industry Certifications: Proctor quick start guide,https://youscience.my.site.com/helpcenter/s/article/industry-certifications-proctor-quick-start
Industry Certifications: Reports cheat sheet,https://youscience.my.site.com/helpcenter/s/article/Industry-Certifications-Reports-Cheat-Sheet
Industry Certifications: Student instructions,https://youscience.my.site.com/helpcenter/s/article/industry-certifications-student-instructions
Industry Recognition Report,https://youscience.my.site.com/helpcenter/s/article/Industry-Recognition-Report
Introduce Aptitude & Career Discovery to students,https://youscience.my.site.com/helpcenter/s/article/introduce-discovery
Kick-Off Videos,https://youscience.my.site.com/helpcenter/s/article/kick-off-videos
Language and translation in Chrome,https://youscience.my.site.com/helpcenter/s/article/google-translate
Log 3rd-party industry tests,https://youscience.my.site.com/helpcenter/s/article/3rd-party-tests
Log in or create an account,https://youscience.my.site.com/helpcenter/s/article/log-in-or-create-an-account
Majors Recommendations Report,https://youscience.my.site.com/helpcenter/s/article/majors-recommendations-report
Majors/programs tool,https://youscience.my.site.com/helpcenter/s/article/majors-programs
Manage and edit your college offerings,https://youscience.my.site.com/helpcenter/s/article/manage-edit-college-offerings
Manage performance requirements,https://youscience.my.site.com/helpcenter/s/article/performance-requirements
Manage user invitations,https://youscience.my.site.com/helpcenter/s/article/manage-user-invitations
Manage your private employer profile within WBL,https://youscience.my.site.com/helpcenter/s/article/Private-employer-and-WBL
Manage your sponsorship,https://youscience.my.site.com/helpcenter/s/article/Manage-your-sponsorship
Move students or invitations between groups,https://youscience.my.site.com/helpcenter/s/article/move-students-invitations-between-groups
My Profile,https://youscience.my.site.com/helpcenter/s/article/My-Profile
NCHSE exams in Industry Certifications,https://youscience.my.site.com/helpcenter/s/article/NCHSE-exams-in-Industry-Certifications
Pathways Management Tool (PMT),https://youscience.my.site.com/helpcenter/s/article/Pathways-Management-Tool
Pathways Report,https://youscience.my.site.com/helpcenter/s/article/pathways-report
Personalized college landing page,https://youscience.my.site.com/helpcenter/s/article/Personalized-College-Landing-Page
Plan for college tool,https://youscience.my.site.com/helpcenter/s/article/plan-for-college
PowerSchool rostering,https://youscience.my.site.com/helpcenter/s/article/powerschool-rostering
Pre-Recorded Training Webinar - Education & Career Plan,https://youscience.my.site.com/helpcenter/s/article/Pre-Recorded-Training-Webinar-Education-Career-Plan
Pre-recorded training webinars: Aptitude & Career Discovery,https://youscience.my.site.com/helpcenter/s/article/pre-recorded-discovery
Pre-recorded training webinars: Education Connections & Career Connections,https://youscience.my.site.com/helpcenter/s/article/pre-recorded-education-career-connections
Pre-recorded training webinars: Industry Certifications,https://youscience.my.site.com/helpcenter/s/article/pre-recorded-certifications
Pre-recorded training webinars: User Administration,https://youscience.my.site.com/helpcenter/s/article/pre-recorded-user-admin
Pre-recorded training webinars: Work-Based Learning (WBL),https://youscience.my.site.com/helpcenter/s/article/pre-recorded-wbl
Pre/Post Exam Summary,https://youscience.my.site.com/helpcenter/s/article/pre-post-exam-summary
Prepare Your User,https://youscience.my.site.com/helpcenter/s/article/prepare-your-user
Privacy policy,https://youscience.my.site.com/helpcenter/s/article/privacy-policy
Proctor Performance Report,https://youscience.my.site.com/helpcenter/s/article/proctor-performance-report
Proctor agreement,https://youscience.my.site.com/helpcenter/s/article/proctor-agreement
Product updates,https://youscience.my.site.com/helpcenter/s/article/Product-Updates
Purchase single exams: GA & NY,https://youscience.my.site.com/helpcenter/s/article/purchase-single-exams-ga-ny
Register for a live training webinar,https://youscience.my.site.com/helpcenter/s/article/register-for-a-live-webinar
Remote proctoring: Student instructions,https://youscience.my.site.com/helpcenter/s/article/remote-proctoring-student-instructions
Remote proctoring: teacher instructions,https://youscience.my.site.com/helpcenter/s/article/remote-proctoring-teacher-instructions
Remove or delete a user's record,https://youscience.my.site.com/helpcenter/s/article/remove-delete-user-record
Reports available to admins,https://youscience.my.site.com/helpcenter/s/article/Reports-available-to-admins
Reports available to learners and parents,https://youscience.my.site.com/helpcenter/s/article/Reports-available-to-learners-and-parents
Reports available to proctors,https://youscience.my.site.com/helpcenter/s/article/Reports-available-to-proctors
Reports available to staff,https://youscience.my.site.com/helpcenter/s/article/Reports-available-to-staff
Reset a learner’s password,https://youscience.my.site.com/helpcenter/s/article/reset-learner-password
Reset and restore brain game surveys,https://youscience.my.site.com/helpcenter/s/article/rest-restore-brain-game-surveys
Reset your password,https://youscience.my.site.com/helpcenter/s/article/reset-password
Results walkthrough toolkit,https://youscience.my.site.com/helpcenter/s/article/results-walkthrough-toolkit
Results walkthroughs,https://youscience.my.site.com/helpcenter/s/article/results-walkthrough
Resume Builder: Educator-led slide deck,https://youscience.my.site.com/helpcenter/s/article/Resume-Builder-Educator-led-slide-deck
SSO vs. rostering,https://youscience.my.site.com/helpcenter/s/article/sso-vs-rostering
Sample rollouts,https://youscience.my.site.com/helpcenter/s/article/sample-rollouts
Scholarships tool,https://youscience.my.site.com/helpcenter/s/article/scholarships
Schools tool,https://youscience.my.site.com/helpcenter/s/article/schools-tool
Send individual email invitations,https://youscience.my.site.com/helpcenter/s/article/send-individual-email-invitations
Set up your employer profile,https://youscience.my.site.com/helpcenter/s/article/set-up-employer-profile
Single Exam Summary Report,https://youscience.my.site.com/helpcenter/s/article/single-exam-summary-report
State Summary Report,https://youscience.my.site.com/helpcenter/s/article/state-summary-report
Student Growth Report,https://youscience.my.site.com/helpcenter/s/article/student-growth-report
Student Guide: How do I use WBE?,https://youscience.my.site.com/helpcenter/s/article/student-user-guide-how-do-i-use-seamless-wbl
Student Performance Report,https://youscience.my.site.com/helpcenter/s/article/student-performance-report
Student summary report,https://youscience.my.site.com/helpcenter/s/article/student-summary-reports
Student workbooks,https://youscience.my.site.com/helpcenter/s/article/student-workbook
Take your brain games,https://youscience.my.site.com/helpcenter/s/article/take-your-brain-games
Texas Exam Growth Data,https://youscience.my.site.com/helpcenter/s/article/Texas-Exam-Growth-Data
The science behind YouScience,https://youscience.my.site.com/helpcenter/s/article/science-behind-youscience
The value of Industry Certifications: Educator-led slide deck,https://youscience.my.site.com/helpcenter/s/article/Value-of-Industry-Certifications-Educator-led-slide-deck
Time needed for an exam,https://youscience.my.site.com/helpcenter/s/article/exam-time
Top Careers Report,https://youscience.my.site.com/helpcenter/s/article/top-careers-report
Troubleshooting and common errors,https://youscience.my.site.com/helpcenter/s/article/troubleshoot-common-errors
Understanding our exam offerings,https://youscience.my.site.com/helpcenter/s/article/exam-offerings
Update a user's role,https://youscience.my.site.com/helpcenter/s/article/update-user-role
Upload all users into Brightpath,https://youscience.my.site.com/helpcenter/s/article/upload-users-into-brightpath
User Administration overview,https://youscience.my.site.com/helpcenter/s/article/user-administration-overview
User Administration: Admin quick start guide,https://youscience.my.site.com/helpcenter/s/article/user-administration-quick-start
Using the Counselor Dashboard,https://youscience.my.site.com/helpcenter/s/article/Using-the-Counselor-Dashboard
Utah Brightpath Guide,https://youscience.my.site.com/helpcenter/s/article/Utah-Brightpath-Guide
View and download your results,https://youscience.my.site.com/helpcenter/s/article/download-results
View student exam history,https://youscience.my.site.com/helpcenter/s/article/view-exam-history
WBL Advisory Board Report,https://youscience.my.site.com/helpcenter/s/article/WBL-Advisory-Board-Report
WBL Overview Dashboard,https://youscience.my.site.com/helpcenter/s/article/WBL-Overview-Dashboard
WBL Student Activity Report,https://youscience.my.site.com/helpcenter/s/article/WBL-Activity-Report
WBL: Student Instructions,https://youscience.my.site.com/helpcenter/s/article/WBL-Student-Instructions
Welcome to Brightpath WBL: Your transition guide from Seamless WBL,https://youscience.my.site.com/helpcenter/s/article/Welcome-to-Brightpath-WBL-Your-transition-guide-from-Seamless-WBL
What are pilot exams?,https://youscience.my.site.com/helpcenter/s/article/What-are-pilot-exams
What is Aptitude & Career Discovery?,https://youscience.my.site.com/helpcenter/s/article/what-is-aptitude-career-discovery
What is a cut score/passing percentage?,https://youscience.my.site.com/helpcenter/s/article/how-do-i-find-the-cut-score-passing-percentage
What is an exam code?,https://youscience.my.site.com/helpcenter/s/article/What-is-an-exam-code
What is the difference between Administrators and Educators in Work-Based Experiences?,https://youscience.my.site.com/helpcenter/s/article/What-is-the-difference-between-Administrators-and-Educators-in-Work-Based-Experiences
What is the difference between Employers and Partners in Work-Based Experiences?,https://youscience.my.site.com/helpcenter/s/article/What-is-the-difference-between-Employers-and-Partners-in-Work-Based-Experiences
What is the difference between aptitudes and interests?,https://youscience.my.site.com/helpcenter/s/article/what-is-the-difference-between-aptitudes-and-interests
What question types are used on an Industry Certification exam?,https://youscience.my.site.com/helpcenter/s/article/exam-questions
What textbooks are available to go along with the exams?,https://youscience.my.site.com/helpcenter/s/article/textbooks
What we measure and sample aptitude exercises,https://youscience.my.site.com/helpcenter/s/article/what-we-measure-and-sample-exercises
Where can students opt in to share or manage sharing preferences?,https://youscience.my.site.com/helpcenter/s/article/Where-can-students-opt-in-to-share-or-manage-sharing-preferences
Why YouScience for Educators and Administrators Kit,https://youscience.my.site.com/helpcenter/s/article/Why-YouScience-for-Educators-and-Administrators-Kit
Why can't I take an exam as a teacher/proctor?,https://youscience.my.site.com/helpcenter/s/article/why-not
Why does my Aptitude & Career Discovery student only see Industry Certifications?,https://youscience.my.site.com/helpcenter/s/article/Why-does-my-Aptitude-Career-Discovery-learner-only-see-Industry-Certifications
Work-Based Experiences - Getting Started,https://youscience.my.site.com/helpcenter/s/article/Work-Based-Experiences-Getting-Started
Work-Based Experiences - Setting Up Your New Administrator Account,https://youscience.my.site.com/helpcenter/s/article/Seamless-Setting-Up-Your-New-Admininistrator-Account
Work-Based Learning (WBL): Parent Guide,https://youscience.my.site.com/helpcenter/s/article/WBL-Parent-Guide
YouScience Highlight Board,https://youscience.my.site.com/helpcenter/s/article/youscience-highlight-board
YouScience Spring Momentum Guide,https://youscience.my.site.com/helpcenter/s/article/YouScience-Spring-Momentum-Guide
YouScience parent communication flyer,https://youscience.my.site.com/helpcenter/s/article/youscience-communication-flyer
YouScience student communication flyer,https://youscience.my.site.com/helpcenter/s/article/YouScience-Student-Communication-Flyer
Your guide to certification labs,https://youscience.my.site.com/helpcenter/s/article/certification-labs
Youscience Brightpath: Student introduction videos,https://youscience.my.site.com/helpcenter/s/article/student-videos
¿Cómo hago mis juegos mentales? (How do I take my brain games in Spanish),https://youscience.my.site.com/helpcenter/s/article/Cómo-hago-mis-juegos-mentales